id,name,country,league,overall,attack,midfield,defence,budget,worth,players,avg_age,roster,fifa_version,url
241,FC Barcelona,,,84,75,76,75,€85M,€0,32,26.82,100001,10,https://sofifa.com/team/241/fc-barcelona/
5,Chelsea,,,83,82,81,77,€90M,€0,28,29.00,100001,10,https://sofifa.com/team/5/chelsea/
44,Inter,,,83,79,78,83,€80M,€0,28,28.55,100001,10,https://sofifa.com/team/44/inter/
243,Real Madrid,,,83,79,78,76,€100M,€0,31,25.09,100001,10,https://sofifa.com/team/243/real-madrid/
9,Liverpool,,,82,73,75,73,€60M,€0,39,26.36,100001,10,https://sofifa.com/team/9/liverpool/
11,Manchester United,,,82,76,73,76,€90M,€0,40,27.18,100001,10,https://sofifa.com/team/11/manchester-united/
45,Juventus,,,82,80,76,78,€60M,€0,32,28.09,100001,10,https://sofifa.com/team/45/juventus/
1,Arsenal,,,81,75,73,73,€45M,€0,40,24.73,100001,10,https://sofifa.com/team/1/arsenal/
10,Manchester City,,,81,77,73,74,€100M,€0,33,25.91,100001,10,https://sofifa.com/team/10/manchester-city/
21,FC Bayern München,,,81,80,80,74,€80M,€0,27,27.82,100001,10,https://sofifa.com/team/21/fc-bayern-munchen/
47,AC Milan,,,81,79,78,77,€60M,€0,29,28.91,100001,10,https://sofifa.com/team/47/ac-milan/
52,Roma,,,80,75,71,77,€30M,€0,35,27.27,100001,10,https://sofifa.com/team/52/roma/
461,Valencia CF,,,80,79,77,75,€18M,€0,28,26.64,100001,10,https://sofifa.com/team/461/valencia-cf/
2,Aston Villa,,,79,74,73,71,€37.5M,€0,35,26.36,100001,10,https://sofifa.com/team/2/aston-villa/
7,Everton,,,79,72,73,74,€25M,€0,35,27.73,100001,10,https://sofifa.com/team/7/everton/
18,Tottenham Hotspur,,,79,75,75,72,€40M,€0,33,25.18,100001,10,https://sofifa.com/team/18/tottenham-hotspur/
66,Olympique Lyonnais,,,79,72,72,69,€70M,€0,34,25.82,100001,10,https://sofifa.com/team/66/olympique-lyonnais/
219,Olympique de Marseille,,,79,74,73,72,€45M,€0,31,27.00,100001,10,https://sofifa.com/team/219/olympique-de-marseille/
481,Sevilla FC,,,79,74,77,73,€30M,€0,31,27.45,100001,10,https://sofifa.com/team/481/sevilla-fc/
240,Atlético Madrid,,,79,77,73,74,€25M,€0,28,26.64,100001,10,https://sofifa.com/team/240/atletico-madrid/
28,Hamburger SV,,,78,72,71,70,€20M,€0,32,27.18,100001,10,https://sofifa.com/team/28/hamburger-sv/
38,SV Werder Bremen,,,78,74,71,72,€30M,€0,31,25.82,100001,10,https://sofifa.com/team/38/sv-werder-bremen/
110374,Fiorentina,,,78,80,74,72,€45M,€0,26,28.00,100001,10,https://sofifa.com/team/110374/fiorentina/
59,FC Girondins de Bordeaux,,,78,74,74,73,€15M,€0,24,25.82,100001,10,https://sofifa.com/team/59/fc-girondins-de-bordeaux/
175,VfL Wolfsburg,,,78,71,72,68,€40M,€0,34,26.18,100001,10,https://sofifa.com/team/175/vfl-wolfsburg/
483,Villarreal CF,,,78,79,77,76,€17.5M,€0,22,27.64,100001,10,https://sofifa.com/team/483/villarreal-cf/
236,FC Porto,,,78,77,77,76,€20M,€0,25,24.36,100001,10,https://sofifa.com/team/236/fc-porto/
32,Bayer 04 Leverkusen,,,77,75,74,73,€10M,€0,26,24.91,100001,10,https://sofifa.com/team/32/bayer-04-leverkusen/
34,FC Schalke 04,,,77,73,70,74,€8.5M,€0,30,25.09,100001,10,https://sofifa.com/team/34/fc-schalke-04/
36,VfB Stuttgart,,,77,73,73,75,€28M,€0,31,26.27,100001,10,https://sofifa.com/team/36/vfb-stuttgart/
46,Lazio,,,77,77,75,73,€15M,€0,30,27.64,100001,10,https://sofifa.com/team/46/lazio/
48,Napoli,,,77,76,72,72,€20M,€0,27,26.18,100001,10,https://sofifa.com/team/48/napoli/
55,Udinese,,,77,79,74,72,€10M,€0,33,24.64,100001,10,https://sofifa.com/team/55/udinese/
325,Galatasaray SK,,,77,73,74,72,€15M,€0,29,26.91,100001,10,https://sofifa.com/team/325/galatasaray-sk/
326,Fenerbahçe SK,,,77,65,75,75,€30M,€0,28,27.64,100001,10,https://sofifa.com/team/326/fenerbahce-sk/
100769,Zenit,,,77,64,72,70,€40M,€0,30,27.91,100001,10,https://sofifa.com/team/100769/zenit/
110556,Genoa,,,77,74,72,72,€20M,€0,29,27.36,100001,10,https://sofifa.com/team/110556/genoa/
234,SL Benfica,,,77,75,75,75,€25.8M,€0,30,25.27,100001,10,https://sofifa.com/team/234/sl-benfica/
19,West Ham United,,,76,70,72,66,€25M,€0,35,26.36,100001,10,https://sofifa.com/team/19/west-ham-united/
22,Borussia Dortmund,,,76,70,72,70,€12M,€0,31,25.45,100001,10,https://sofifa.com/team/22/borussia-dortmund/
1837,Sampdoria,,,76,76,72,71,€8M,€0,27,26.91,100001,10,https://sofifa.com/team/1837/sampdoria/
10029,TSG 1899 Hoffenheim,,,76,75,72,71,€20M,€0,28,24.45,100001,10,https://sofifa.com/team/10029/tsg-1899-hoffenheim/
1843,Palermo FC,,,76,72,71,67,€10M,€0,29,25.64,100001,10,https://sofifa.com/team/1843/palermo-fc/
327,Beşiktaş JK,,,76,76,71,70,€23M,€0,27,27.73,100001,10,https://sofifa.com/team/327/besiktas-jk/
144,Fulham FC,,,76,73,70,68,€11M,€0,35,29.09,100001,10,https://sofifa.com/team/144/fulham-fc/
237,Sporting CP,,,76,75,77,74,€9M,€0,24,24.36,100001,10,https://sofifa.com/team/237/sporting-cp/
242,RC Deportivo de La Coruña,,,76,73,71,70,€8M,€0,28,27.55,100001,10,https://sofifa.com/team/242/rc-deportivo-de-la-coruna/
3,Blackburn Rovers,,,75,68,70,71,€15M,€0,35,29.27,100001,10,https://sofifa.com/team/3/blackburn-rovers/
4,Bolton Wanderers,,,75,69,71,73,€15M,€0,31,28.27,100001,10,https://sofifa.com/team/4/bolton-wanderers/
280,Olympiacos FC,,,75,71,72,72,€20M,€0,29,27.91,100001,10,https://sofifa.com/team/280/olympiacos-fc/
39,Atalanta,,,75,70,72,71,€6M,€0,25,27.27,100001,10,https://sofifa.com/team/39/atalanta/
1860,Getafe CF,,,75,76,73,74,€2.5M,€0,26,25.64,100001,10,https://sofifa.com/team/1860/getafe-cf/
73,Paris Saint-Germain,,,75,69,68,69,€13M,€0,31,28.55,100001,10,https://sofifa.com/team/73/paris-saint-germain/
74,Stade Rennais FC,,,75,70,65,68,€10M,€0,32,27.18,100001,10,https://sofifa.com/team/74/stade-rennais-fc/
86,Rangers FC,,,75,68,64,67,€7.5M,€0,30,28.09,100001,10,https://sofifa.com/team/86/rangers-fc/
598,São Paulo,,,75,68,70,70,€4M,€0,33,27.73,100001,10,https://sofifa.com/team/598/sao-paulo/
1884,Panathinaikos FC,,,75,76,74,70,€15M,€0,26,27.64,100001,10,https://sofifa.com/team/1884/panathinaikos-fc/
106,Sunderland,,,75,73,67,71,€15M,€0,29,25.00,100001,10,https://sofifa.com/team/106/sunderland/
448,Athletic Club,,,75,67,71,68,€8.5M,€0,33,26.55,100001,10,https://sofifa.com/team/448/athletic-club/
452,RCD Espanyol,,,75,75,70,65,€11M,€0,28,27.27,100001,10,https://sofifa.com/team/452/rcd-espanyol/
456,Racing Santander,,,75,69,70,67,€3.5M,€0,33,27.55,100001,10,https://sofifa.com/team/456/racing-santander/
245,Ajax,,,75,79,70,72,€16.3M,€0,34,24.55,100001,10,https://sofifa.com/team/245/ajax/
247,PSV,,,75,72,71,72,€14.8M,€0,27,26.18,100001,10,https://sofifa.com/team/247/psv/
1790,Portsmouth,,,75,71,70,68,€35M,€0,33,29.36,100001,10,https://sofifa.com/team/1790/portsmouth/
1809,Toulouse FC,,,74,66,69,71,€5M,€0,25,23.55,100001,10,https://sofifa.com/team/1809/toulouse-fc/
1048,Internacional,,,74,70,72,72,€4.5M,€0,30,26.45,100001,10,https://sofifa.com/team/1048/internacional/
1819,AS Saint-Étienne,,,74,67,68,71,€9M,€0,29,25.00,100001,10,https://sofifa.com/team/1819/as-saint-etienne/
110364,Catania,,,74,76,72,72,€5M,€0,27,25.82,100001,10,https://sofifa.com/team/110364/catania/
1824,Eintracht Frankfurt,,,74,68,72,71,€7.5M,€0,30,27.18,100001,10,https://sofifa.com/team/1824/eintracht-frankfurt/
1842,Cagliari,,,74,70,71,70,€5M,€0,30,27.09,100001,10,https://sofifa.com/team/1842/cagliari/
315,PFC CSKA,,,74,62,65,62,€16.5M,€0,30,24.73,100001,10,https://sofifa.com/team/315/pfc-cska/
573,Málaga CF,,,74,74,69,69,€2.5M,€0,32,27.91,100001,10,https://sofifa.com/team/573/malaga-cf/
65,Lille OSC,,,74,72,66,69,€13M,€0,30,24.27,100001,10,https://sofifa.com/team/65/lille-osc/
1861,UD Almería,,,74,71,70,69,€2.8M,€0,26,25.27,100001,10,https://sofifa.com/team/1861/ud-almeria/
78,Celtic,,,74,71,70,68,€20M,€0,30,25.45,100001,10,https://sofifa.com/team/78/celtic/
1879,Club América,,,74,69,68,66,€15M,€0,32,27.36,100001,10,https://sofifa.com/team/1879/club-america/
88,Birmingham City,,,74,74,67,67,€7.5M,€0,33,26.64,100001,10,https://sofifa.com/team/88/birmingham-city/
1906,AZ Alkmaar,,,74,70,70,71,€13M,€0,28,23.82,100001,10,https://sofifa.com/team/1906/az-alkmaar/
1917,Wigan Athletic,,,74,70,67,71,€15M,€0,31,26.73,100001,10,https://sofifa.com/team/1917/wigan-athletic/
393,PAOK,,,74,75,73,71,€10M,€0,25,30.45,100001,10,https://sofifa.com/team/393/paok/
100767,Spartak Moscow,,,74,73,68,68,€21.5M,€0,30,23.55,100001,10,https://sofifa.com/team/100767/spartak-moscow/
166,Hertha BSC,,,74,74,68,68,€7.5M,€0,29,25.36,100001,10,https://sofifa.com/team/166/hertha-bsc/
462,Real Valladolid CF,,,74,71,72,72,€3.3M,€0,29,28.45,100001,10,https://sofifa.com/team/462/real-valladolid-cf/
479,CA Osasuna,,,74,71,72,72,€5.5M,€0,26,28.45,100001,10,https://sofifa.com/team/479/ca-osasuna/
485,Hannover 96,,,74,69,70,67,€5M,€0,31,27.91,100001,10,https://sofifa.com/team/485/hannover-96/
244,Real Zaragoza,,,74,71,70,69,€5M,€0,31,26.73,100001,10,https://sofifa.com/team/244/real-zaragoza/
1806,Stoke City,,,73,71,68,70,€6M,€0,34,28.00,100001,10,https://sofifa.com/team/1806/stoke-city/
1041,Corinthians,,,73,72,70,69,€2M,€0,32,26.27,100001,10,https://sofifa.com/team/1041/corinthians/
278,AEK Athens,,,73,71,68,67,€10M,€0,30,28.09,100001,10,https://sofifa.com/team/278/aek-athens/
23,Borussia Mönchengladbach,,,73,74,69,68,€6.5M,€0,31,26.09,100001,10,https://sofifa.com/team/23/borussia-monchengladbach/
31,1. FC Köln,,,73,68,65,69,€11M,€0,30,28.55,100001,10,https://sofifa.com/team/31/1-fc-koln/
50,Parma,,,73,69,71,68,€10M,€0,28,26.91,100001,10,https://sofifa.com/team/50/parma/
312,FC Dynamo Moscow,,,73,65,66,65,€21.5M,€0,30,25.18,100001,10,https://sofifa.com/team/312/fc-dynamo-moscow/
568,Cruzeiro,,,73,72,70,69,€2.5M,€0,35,26.09,100001,10,https://sofifa.com/team/568/cruzeiro/
69,AS Monaco,,,73,68,70,68,€25M,€0,35,25.82,100001,10,https://sofifa.com/team/69/as-monaco/
1876,River Plate,,,73,64,68,70,€1.5M,€0,30,25.91,100001,10,https://sofifa.com/team/1876/river-plate/
1877,Boca Juniors,,,73,68,67,66,€3.5M,€0,30,29.00,100001,10,https://sofifa.com/team/1877/boca-juniors/
1629,Grêmio,,,73,70,70,69,€2M,€0,30,26.45,100001,10,https://sofifa.com/team/1629/gremio/
1908,FC Twente,,,73,64,70,71,€9M,€0,29,26.55,100001,10,https://sofifa.com/team/1908/fc-twente/
383,Palmeiras,,,73,71,71,67,€3M,€0,30,26.64,100001,10,https://sofifa.com/team/383/palmeiras/
110227,Rubin Kazan,,,73,73,67,65,€18.5M,€0,30,27.73,100001,10,https://sofifa.com/team/110227/rubin-kazan/
100765,FC Lokomotiv,,,73,72,67,68,€13M,€0,30,25.27,100001,10,https://sofifa.com/team/100765/fc-lokomotiv/
1952,Hull City,,,73,67,65,65,€8M,€0,35,26.45,100001,10,https://sofifa.com/team/1952/hull-city/
436,Trabzonspor,,,73,70,69,71,€17.5M,€0,24,27.00,100001,10,https://sofifa.com/team/436/trabzonspor/
449,Real Betis Balompié,,,73,73,70,68,€7M,€0,30,25.18,100001,10,https://sofifa.com/team/449/real-betis-balompie/
453,RCD Mallorca,,,73,71,71,72,€2M,€0,29,28.09,100001,10,https://sofifa.com/team/453/rcd-mallorca/
459,Real Sporting de Gijón,,,73,72,71,68,€1.9M,€0,29,26.64,100001,10,https://sofifa.com/team/459/real-sporting-de-gijon/
260,CD Tenerife,,,72,68,70,68,€1.6M,€0,29,27.09,100001,10,https://sofifa.com/team/260/cd-tenerife/
1796,Burnley,,,72,70,65,66,€7.5M,€0,32,28.09,100001,10,https://sofifa.com/team/1796/burnley/
13,Newcastle United,,,72,66,70,66,€25M,€0,28,26.09,100001,10,https://sofifa.com/team/13/newcastle-united/
1043,Flamengo,,,72,72,68,67,€1.5M,€0,30,27.45,100001,10,https://sofifa.com/team/1043/flamengo/
1053,Santos,,,72,70,70,68,€1.5M,€0,30,27.64,100001,10,https://sofifa.com/team/1053/santos/
567,Fluminense,,,72,70,70,67,€3M,€0,30,26.55,100001,10,https://sofifa.com/team/567/fluminense/
57,AJ Auxerre,,,72,67,63,66,€10M,€0,33,26.09,100001,10,https://sofifa.com/team/57/aj-auxerre/
72,OGC Nice,,,72,69,69,64,€5M,€0,28,26.00,100001,10,https://sofifa.com/team/72/ogc-nice/
1896,Sporting Clube de Braga,,,72,71,68,70,€700K,€0,27,26.91,100001,10,https://sofifa.com/team/1896/sporting-clube-de-braga/
110,Wolverhampton Wanderers,,,72,69,67,66,€8.5M,€0,35,24.45,100001,10,https://sofifa.com/team/110/wolverhampton-wanderers/
160,VfL Bochum 1848,,,72,72,70,69,€3M,€0,25,28.91,100001,10,https://sofifa.com/team/160/vfl-bochum-1848/
189,Bologna,,,72,70,67,70,€6M,€0,28,28.45,100001,10,https://sofifa.com/team/189/bologna/
192,AC ChievoVerona,,,72,67,69,70,€4M,€0,28,29.64,100001,10,https://sofifa.com/team/192/ac-chievoverona/
1742,Xerez,,,72,69,66,67,€1.6M,€0,28,27.36,100001,10,https://sofifa.com/team/1742/xerez/
229,RSC Anderlecht,,,72,72,69,69,€9M,€0,26,24.27,100001,10,https://sofifa.com/team/229/rsc-anderlecht/
1035,Atlético Mineiro,,,71,72,70,69,€1M,€0,30,25.82,100001,10,https://sofifa.com/team/1035/atletico-mineiro/
1823,AS Nancy Lorraine,,,71,68,67,68,€4M,€0,33,25.64,100001,10,https://sofifa.com/team/1823/as-nancy-lorraine/
298,Rosenborg BK,,,71,63,65,63,€3M,€0,28,24.91,100001,10,https://sofifa.com/team/298/rosenborg-bk/
1838,Siena,,,71,68,67,69,€3M,€0,29,27.91,100001,10,https://sofifa.com/team/1838/siena/
1844,Livorno,,,71,71,70,70,€4M,€0,24,26.64,100001,10,https://sofifa.com/team/1844/livorno/
54,Torino,,,71,70,67,67,€6M,€0,26,28.91,100001,10,https://sofifa.com/team/54/torino/
1848,SSC Bari,,,71,67,68,68,€4M,€0,34,26.27,100001,10,https://sofifa.com/team/1848/ssc-bari/
1878,Cruz Azul,,,71,69,68,67,€5M,€0,27,25.55,100001,10,https://sofifa.com/team/1878/cruz-azul/
1882,Toluca,,,71,65,63,67,€1.5M,€0,28,29.18,100001,10,https://sofifa.com/team/1882/toluca/
110456,Valenciennes FC,,,71,69,68,67,€2.5M,€0,28,25.55,100001,10,https://sofifa.com/team/110456/valenciennes-fc/
1913,SC Heerenveen,,,71,68,69,68,€10M,€0,30,25.55,100001,10,https://sofifa.com/team/1913/sc-heerenveen/
169,1. FSV Mainz 05,,,71,67,69,68,€2.5M,€0,30,27.18,100001,10,https://sofifa.com/team/169/1-fsv-mainz-05/
171,1. FC Nürnberg,,,71,68,67,69,€3.5M,€0,29,24.91,100001,10,https://sofifa.com/team/171/1-fc-nurnberg/
232,Standard de Liège,,,71,70,66,67,€6M,€0,30,23.91,100001,10,https://sofifa.com/team/232/standard-de-liege/
1028,Atlético Morelia,,,70,67,63,67,€1.5M,€0,29,25.36,100001,10,https://sofifa.com/team/1028/atletico-morelia/
517,Botafogo,,,70,69,68,68,€500K,€0,29,27.27,100001,10,https://sofifa.com/team/517/botafogo/
1032,Monterrey,,,70,66,65,64,€2M,€0,30,26.55,100001,10,https://sofifa.com/team/1032/monterrey/
12,Middlesbrough,,,70,70,68,65,€10M,€0,27,24.36,100001,10,https://sofifa.com/team/12/middlesbrough/
819,FC København,,,70,70,65,64,€8M,€0,23,27.09,100001,10,https://sofifa.com/team/819/fc-kobenhavn/
110144,Santos Laguna,,,70,66,64,64,€8M,€0,31,26.55,100001,10,https://sofifa.com/team/110144/santos-laguna/
110147,Pachuca,,,70,63,66,65,€2.3M,€0,28,27.27,100001,10,https://sofifa.com/team/110147/pachuca/
1880,Guadalajara,,,70,63,65,64,€1.2M,€0,30,25.73,100001,10,https://sofifa.com/team/1880/guadalajara/
1881,Pumas UNAM,,,70,66,60,62,€950K,€0,35,28.18,100001,10,https://sofifa.com/team/1881/pumas-unam/
1891,CD Nacional,,,70,66,69,66,€700K,€0,28,24.00,100001,10,https://sofifa.com/team/1891/cd-nacional/
1915,FC Groningen,,,70,68,69,69,€5.3M,€0,22,24.64,100001,10,https://sofifa.com/team/1915/fc-groningen/
110225,Saturn Ramenskoye,,,70,67,61,62,€7M,€0,29,29.91,100001,10,https://sofifa.com/team/110225/saturn-ramenskoye/
101041,Sivasspor,,,70,69,65,69,€5M,€0,24,26.64,100001,10,https://sofifa.com/team/101041/sivasspor/
1970,Tigres UANL,,,70,65,66,63,€5M,€0,33,28.00,100001,10,https://sofifa.com/team/1970/tigres-uanl/
1719,Vitória,,,70,68,69,68,€800K,€0,30,25.18,100001,10,https://sofifa.com/team/1719/vitoria/
191,FC Red Bull Salzburg,,,70,67,67,66,€15M,€0,29,27.18,100001,10,https://sofifa.com/team/191/fc-red-bull-salzburg/
111042,Goiás,,,70,69,67,68,€500K,€0,30,27.36,100001,10,https://sofifa.com/team/111042/goias/
203,AS Reggina 1914,,,70,70,67,67,€3M,€0,25,27.55,100001,10,https://sofifa.com/team/203/as-reggina-1914/
226,FC Sochaux-Montbéliard,,,70,68,65,66,€5M,€0,26,26.00,100001,10,https://sofifa.com/team/226/fc-sochaux-montbeliard/
742,Bursaspor,,,70,65,68,68,€5.5M,€0,27,27.09,100001,10,https://sofifa.com/team/742/bursaspor/
246,Feyenoord,,,70,73,69,69,€5.5M,€0,24,24.91,100001,10,https://sofifa.com/team/246/feyenoord/
269,Brøndby IF,,,69,62,61,64,€2.5M,€0,29,26.45,100001,10,https://sofifa.com/team/269/brondby-if/
1805,Grenoble Foot 38,,,69,66,67,66,€2M,€0,27,27.73,100001,10,https://sofifa.com/team/1805/grenoble-foot-38/
15,Queens Park Rangers,,,69,66,66,62,€20M,€0,30,26.64,100001,10,https://sofifa.com/team/15/queens-park-rangers/
1039,Club Athletico Paranaense,,,69,68,67,66,€800K,€0,30,25.36,100001,10,https://sofifa.com/team/1039/club-athletico-paranaense/
100879,Hércules CF,,,69,67,66,65,€1.5M,€0,28,28.64,100001,10,https://sofifa.com/team/100879/hercules-cf/
25,SC Freiburg,,,69,67,67,66,€2.5M,€0,26,26.55,100001,10,https://sofifa.com/team/25/sc-freiburg/
112679,Jaguares FC,,,69,66,65,63,€1M,€0,31,26.55,100001,10,https://sofifa.com/team/112679/jaguares-fc/
571,RC Recreativo de Huelva,,,69,68,69,67,€2M,€0,24,26.09,100001,10,https://sofifa.com/team/571/rc-recreativo-de-huelva/
64,RC Lens,,,69,70,60,63,€4.5M,€0,28,26.73,100001,10,https://sofifa.com/team/64/rc-lens/
80,Hearts,,,69,64,67,64,€3M,€0,27,24.18,100001,10,https://sofifa.com/team/80/hearts/
1887,Vitória SC,,,69,66,68,66,€500K,€0,29,28.55,100001,10,https://sofifa.com/team/1887/vitoria-sc/
1893,Marítimo,,,69,66,67,66,€700K,€0,27,26.27,100001,10,https://sofifa.com/team/1893/maritimo/
109,West Bromwich Albion,,,69,62,63,65,€7.5M,€0,30,24.73,100001,10,https://sofifa.com/team/109/west-bromwich-albion/
1904,NAC Breda,,,69,74,65,64,€2.4M,€0,28,29.73,100001,10,https://sofifa.com/team/1904/nac-breda/
917,Stabæk Fotball,,,69,60,66,60,€1M,€0,26,28.91,100001,10,https://sofifa.com/team/917/stabaek-fotball/
100764,PFC Krylia Sovetov Samara,,,69,67,64,62,€11.5M,€0,30,28.09,100001,10,https://sofifa.com/team/100764/pfc-krylia-sovetov-samara/
159,DSC Arminia Bielefeld,,,69,68,64,66,€3.5M,€0,26,26.82,100001,10,https://sofifa.com/team/159/dsc-arminia-bielefeld/
111044,Coritiba,,,69,70,66,65,€600K,€0,30,26.91,100001,10,https://sofifa.com/team/111044/coritiba/
457,Real Sociedad,,,69,64,65,65,€2M,€0,26,25.36,100001,10,https://sofifa.com/team/457/real-sociedad/
1739,Le Mans FC,,,69,66,64,63,€5.5M,€0,35,24.27,100001,10,https://sofifa.com/team/1739/le-mans-fc/
111057,Sport Club do Recife,,,69,68,67,67,€1M,€0,30,28.64,100001,10,https://sofifa.com/team/111057/sport-club-do-recife/
217,FC Lorient,,,69,66,65,65,€2.5M,€0,27,26.27,100001,10,https://sofifa.com/team/217/fc-lorient/
101114,Atlas FC,,,69,59,63,66,€1M,€0,29,24.18,100001,10,https://sofifa.com/team/101114/atlas-fc/
1793,Reading FC,,,68,63,64,64,€8M,€0,30,23.82,100001,10,https://sofifa.com/team/1793/reading-fc/
266,SK Slavia Praha,,,68,64,64,65,€3.5M,€0,28,28.00,100001,10,https://sofifa.com/team/266/sk-slavia-praha/
111376,US Boulogne Cote d'Opale,,,68,66,62,64,€750K,€0,28,26.18,100001,10,https://sofifa.com/team/111376/us-boulogne-cote-dopale/
110109,Akhmat Grozny,,,68,65,63,66,€4.5M,€0,25,28.00,100001,10,https://sofifa.com/team/110109/akhmat-grozny/
1825,MSV Duisburg,,,68,66,64,66,€2.5M,€0,28,26.64,100001,10,https://sofifa.com/team/1825/msv-duisburg/
100409,FC Augsburg,,,68,67,66,66,€1.5M,€0,28,27.55,100001,10,https://sofifa.com/team/100409/fc-augsburg/
110149,San Luis,,,68,64,66,64,€1.1M,€0,28,28.09,100001,10,https://sofifa.com/team/110149/san-luis/
70,Montpellier HSC,,,68,65,66,63,€1.4M,€0,27,26.91,100001,10,https://sofifa.com/team/70/montpellier-hsc/
71,FC Nantes,,,68,64,65,61,€5M,€0,30,26.27,100001,10,https://sofifa.com/team/71/fc-nantes/
347,Lecce,,,68,67,65,64,€3M,€0,28,25.91,100001,10,https://sofifa.com/team/347/lecce/
1903,FC Utrecht,,,68,67,66,66,€8M,€0,24,25.27,100001,10,https://sofifa.com/team/1903/fc-utrecht/
894,FC Zürich,,,68,62,61,63,€5M,€0,28,25.64,100001,10,https://sofifa.com/team/894/fc-zurich/
1919,Bristol City,,,68,63,64,60,€4M,€0,30,25.27,100001,10,https://sofifa.com/team/1919/bristol-city/
101008,Sincan Belediyesi Ankaraspor,,,68,67,66,65,€3.3M,€0,24,27.00,100001,10,https://sofifa.com/team/101008/sincan-belediyesi-ankaraspor/
110229,FC Moscow,,,68,62,64,62,€8.5M,€0,30,24.64,100001,10,https://sofifa.com/team/110229/fc-moscow/
110234,FC Amkar Perm,,,68,65,66,62,€6.5M,€0,30,27.18,100001,10,https://sofifa.com/team/110234/fc-amkar-perm/
101024,Gaziantepspor,,,68,65,62,62,€4M,€0,30,29.09,100001,10,https://sofifa.com/team/101024/gaziantepspor/
417,Molde FK,,,68,62,64,60,€100K,€0,29,26.64,100001,10,https://sofifa.com/team/417/molde-fk/
162,FC Energie Cottbus,,,68,63,67,61,€3.5M,€0,29,27.91,100001,10,https://sofifa.com/team/162/fc-energie-cottbus/
674,KAA Gent,,,68,69,68,65,€11M,€0,24,25.18,100001,10,https://sofifa.com/team/674/kaa-gent/
1961,Cardiff City,,,68,66,60,59,€7M,€0,30,25.91,100001,10,https://sofifa.com/team/1961/cardiff-city/
112077,Grêmio Barueri,,,68,69,66,67,€250K,€0,29,25.82,100001,10,https://sofifa.com/team/112077/gremio-barueri/
477,CD Numancia,,,68,64,67,65,€1.5M,€0,27,27.64,100001,10,https://sofifa.com/team/477/cd-numancia/
231,Club Brugge KV,,,68,68,66,65,€4M,€0,26,25.27,100001,10,https://sofifa.com/team/231/club-brugge-kv/
1794,Sheffield United,,,67,66,67,63,€7M,€0,24,23.64,100001,10,https://sofifa.com/team/1794/sheffield-united/
1799,Crystal Palace,,,67,62,62,64,€5M,€0,30,25.00,100001,10,https://sofifa.com/team/1799/crystal-palace/
1801,Preston North End,,,67,64,66,63,€5M,€0,24,26.36,100001,10,https://sofifa.com/team/1801/preston-north-end/
267,Sparta Praha,,,67,62,66,66,€3.3M,€0,29,26.55,100001,10,https://sofifa.com/team/267/sparta-praha/
1807,Sheffield Wednesday,,,67,63,63,62,€3M,€0,28,26.64,100001,10,https://sofifa.com/team/1807/sheffield-wednesday/
272,Odense Boldklub,,,67,64,64,66,€1M,€0,24,27.82,100001,10,https://sofifa.com/team/272/odense-boldklub/
33,TSV 1860 München,,,67,64,63,64,€1M,€0,29,24.55,100001,10,https://sofifa.com/team/33/tsv-1860-munchen/
1826,Alemannia Aachen,,,67,65,64,64,€2.5M,€0,29,26.09,100001,10,https://sofifa.com/team/1826/alemannia-aachen/
10018,Leixões SC,,,67,65,65,66,€350K,€0,28,26.18,100001,10,https://sofifa.com/team/10018/leixoes-sc/
110373,US Salernitana 1919,,,67,63,63,64,€2M,€0,26,28.64,100001,10,https://sofifa.com/team/110373/us-salernitana-1919/
1832,Karlsruher SC,,,67,67,66,66,€3M,€0,20,25.82,100001,10,https://sofifa.com/team/1832/karlsruher-sc/
1853,Levante UD,,,67,63,67,63,€1.3M,€0,28,26.91,100001,10,https://sofifa.com/team/1853/levante-ud/
68,FC Metz,,,67,61,59,62,€1M,€0,30,28.00,100001,10,https://sofifa.com/team/68/fc-metz/
110152,Puebla FC,,,67,62,61,62,€1.1M,€0,33,27.82,100001,10,https://sofifa.com/team/110152/puebla-fc/
76,RC Strasbourg Alsace,,,67,62,65,64,€2M,€0,28,26.64,100001,10,https://sofifa.com/team/76/rc-strasbourg-alsace/
77,Aberdeen,,,67,65,58,62,€2.5M,€0,26,24.36,100001,10,https://sofifa.com/team/77/aberdeen/
1873,Wisła Kraków,,,67,62,63,63,€2.4M,€0,26,25.91,100001,10,https://sofifa.com/team/1873/wisla-krakow/
91,Derby County,,,67,65,63,61,€4.5M,€0,28,26.45,100001,10,https://sofifa.com/team/91/derby-county/
94,Ipswich Town,,,67,64,62,62,€4.5M,€0,30,26.45,100001,10,https://sofifa.com/team/94/ipswich-town/
111976,Avaí FC,,,67,66,65,63,€250K,€0,30,25.64,100001,10,https://sofifa.com/team/111976/avai-fc/
1901,Associação Académica de Coimbra,,,67,65,66,66,€400K,€0,28,27.00,100001,10,https://sofifa.com/team/1901/associacao-academica-de-coimbra/
111988,Eskişehirspor,,,67,72,60,65,€2M,€0,24,28.00,100001,10,https://sofifa.com/team/111988/eskisehirspor/
1909,Vitesse,,,67,66,64,65,€2.5M,€0,26,24.45,100001,10,https://sofifa.com/team/1909/vitesse/
1910,NEC Nijmegen,,,67,64,65,64,€2.2M,€0,25,25.09,100001,10,https://sofifa.com/team/1910/nec-nijmegen/
896,FC Basel 1893,,,67,66,64,61,€3.5M,€0,29,26.18,100001,10,https://sofifa.com/team/896/fc-basel-1893/
100737,Associação Naval 1893,,,67,63,66,63,€350K,€0,28,26.09,100001,10,https://sofifa.com/team/100737/associacao-naval-1893/
101007,MKE Ankaragücü,,,67,66,59,66,€2.8M,€0,27,25.91,100001,10,https://sofifa.com/team/101007/mke-ankaragucu/
919,SK Brann,,,67,66,63,64,€3M,€0,23,27.36,100001,10,https://sofifa.com/team/919/sk-brann/
110231,FC Rostov,,,67,66,63,60,€4.5M,€0,29,28.73,100001,10,https://sofifa.com/team/110231/fc-rostov/
110233,FC Tom Tomsk,,,67,62,60,58,€3M,€0,30,27.09,100001,10,https://sofifa.com/team/110233/fc-tom-tomsk/
101020,Kayserispor,,,67,64,62,65,€7M,€0,28,27.45,100001,10,https://sofifa.com/team/101020/kayserispor/
15019,Gimnàstic de Tarragona,,,67,69,65,64,€1.5M,€0,25,29.18,100001,10,https://sofifa.com/team/15019/gimnastic-de-tarragona/
111540,SC Olhanense,,,67,68,64,65,€250K,€0,30,24.82,100001,10,https://sofifa.com/team/111540/sc-olhanense/
110780,Tecos FC,,,67,62,60,62,€950K,€0,28,29.18,100001,10,https://sofifa.com/team/110780/tecos-fc/
111293,Santo André,,,67,66,67,66,€300K,€0,30,27.82,100001,10,https://sofifa.com/team/111293/santo-andre/
190,Brescia,,,67,67,61,65,€3M,€0,24,27.55,100001,10,https://sofifa.com/team/190/brescia/
1738,Le Havre AC,,,67,64,61,62,€500K,€0,30,25.55,100001,10,https://sofifa.com/team/1738/le-havre-ac/
111050,Náutico,,,67,69,62,66,€500K,€0,30,25.55,100001,10,https://sofifa.com/team/111050/nautico/
210,Stade Malherbe Caen,,,67,59,63,62,€1M,€0,27,24.91,100001,10,https://sofifa.com/team/210/stade-malherbe-caen/
480,Rayo Vallecano,,,67,67,64,63,€1.8M,€0,30,28.73,100001,10,https://sofifa.com/team/480/rayo-vallecano/
741,Antalyaspor,,,67,69,61,64,€2.5M,€0,25,28.09,100001,10,https://sofifa.com/team/741/antalyaspor/
1516,FC Midtjylland,,,67,64,61,64,€1.3M,€0,27,26.18,100001,10,https://sofifa.com/team/1516/fc-midtjylland/
101116,Atlante,,,67,63,65,63,€800K,€0,28,25.91,100001,10,https://sofifa.com/team/101116/atlante/
8,Leeds United,,,66,63,63,62,€2.5M,€0,30,26.00,100001,10,https://sofifa.com/team/8/leeds-united/
110089,FC Kuban Krasnodar,,,66,65,63,63,€6M,€0,30,25.91,100001,10,https://sofifa.com/team/110089/fc-kuban-krasnodar/
14,Nottingham Forest,,,66,62,65,60,€3M,€0,28,23.73,100001,10,https://sofifa.com/team/14/nottingham-forest/
27,FC Hansa Rostock,,,66,62,63,62,€2M,€0,25,25.73,100001,10,https://sofifa.com/team/27/fc-hansa-rostock/
29,1. FC Kaiserslautern,,,66,65,64,62,€1.5M,€0,30,23.36,100001,10,https://sofifa.com/team/29/1-fc-kaiserslautern/
300,Viking FK,,,66,64,60,61,€1.6M,€0,26,25.82,100001,10,https://sofifa.com/team/300/viking-fk/
820,Aalborg BK,,,66,63,60,60,€800K,€0,26,27.36,100001,10,https://sofifa.com/team/820/aalborg-bk/
1854,Albacete Balompié,,,66,60,66,61,€1M,€0,30,28.45,100001,10,https://sofifa.com/team/1854/albacete-balompie/
1855,Real Murcia CF,,,66,63,67,62,€3M,€0,27,26.82,100001,10,https://sofifa.com/team/1855/real-murcia-cf/
1856,UD Salamanca,,,66,64,65,62,€900K,€0,27,27.18,100001,10,https://sofifa.com/team/1856/ud-salamanca/
110150,Querétaro,,,66,65,59,64,€1M,€0,32,29.55,100001,10,https://sofifa.com/team/110150/queretaro/
81,Hibernian,,,66,62,58,63,€3M,€0,28,25.82,100001,10,https://sofifa.com/team/81/hibernian/
95,Leicester City,,,66,66,61,61,€3M,€0,30,27.36,100001,10,https://sofifa.com/team/95/leicester-city/
1889,Os Belenenses,,,66,61,61,62,€400K,€0,27,24.91,100001,10,https://sofifa.com/team/1889/os-belenenses/
1892,FC Paços de Ferreira,,,66,64,62,64,€300K,€0,30,27.64,100001,10,https://sofifa.com/team/1892/fc-pacos-de-ferreira/
111974,Sassuolo,,,66,62,61,61,€3.5M,€0,26,28.91,100001,10,https://sofifa.com/team/111974/sassuolo/
1895,União de Leiria,,,66,66,63,63,€500K,€0,29,27.00,100001,10,https://sofifa.com/team/1895/uniao-de-leiria/
101014,Medipol Başakşehir FK,,,66,64,62,63,€2.7M,€0,26,28.27,100001,10,https://sofifa.com/team/101014/medipol-basaksehir-fk/
665,Vitória FC,,,66,62,65,60,€350K,€0,28,24.00,100001,10,https://sofifa.com/team/665/vitoria-fc/
110239,FC Khimki,,,66,65,63,62,€3M,€0,30,28.09,100001,10,https://sofifa.com/team/110239/fc-khimki/
673,KRC Genk,,,66,64,66,63,€4M,€0,26,23.64,100001,10,https://sofifa.com/team/673/krc-genk/
101025,Gençlerbirliği SK,,,66,61,66,62,€6.5M,€0,25,24.27,100001,10,https://sofifa.com/team/101025/genclerbirligi-sk/
418,Tromsø IL,,,66,62,59,64,€1.2M,€0,25,27.73,100001,10,https://sofifa.com/team/418/tromso-il/
675,K Beerschot VA,,,66,63,66,64,€2M,€0,24,28.55,100001,10,https://sofifa.com/team/675/k-beerschot-va/
1960,Swansea City,,,66,61,63,61,€6M,€0,30,26.09,100001,10,https://sofifa.com/team/1960/swansea-city/
687,Columbus Crew,,,66,67,62,65,€800K,€0,24,27.18,100001,10,https://sofifa.com/team/687/columbus-crew/
433,AIK,,,66,65,64,64,€1M,€0,27,26.27,100001,10,https://sofifa.com/team/433/aik/
181,Dundee United FC,,,66,62,62,64,€3M,€0,29,25.27,100001,10,https://sofifa.com/team/181/dundee-united-fc/
693,Chicago Fire,,,66,64,65,63,€2.2M,€0,23,28.73,100001,10,https://sofifa.com/team/693/chicago-fire/
698,Houston Dynamo,,,66,66,62,64,€1.4M,€0,25,27.91,100001,10,https://sofifa.com/team/698/houston-dynamo/
700,IF Elfsborg,,,66,58,62,65,€1M,€0,23,29.27,100001,10,https://sofifa.com/team/700/if-elfsborg/
209,SK Sturm Graz,,,66,60,59,57,€1.6M,€0,29,25.82,100001,10,https://sofifa.com/team/209/sk-sturm-graz/
468,Elche CF,,,66,61,61,64,€900K,€0,29,26.64,100001,10,https://sofifa.com/team/468/elche-cf/
983,Suwon Samsung Bluewings,,,66,64,64,60,€5.5M,€0,30,27.91,100001,10,https://sofifa.com/team/983/suwon-samsung-bluewings/
2007,KSC Lokeren Oost-Vlaanderen,,,66,63,61,65,€1.2M,€0,29,28.55,100001,10,https://sofifa.com/team/2007/ksc-lokeren-oost-vlaanderen/
472,UD Las Palmas,,,66,66,62,62,€700K,€0,30,28.18,100001,10,https://sofifa.com/team/472/ud-las-palmas/
111339,Kasımpaşa SK,,,66,63,64,62,€1.5M,€0,26,26.45,100001,10,https://sofifa.com/team/111339/kasimpasa-sk/
110329,FC St. Pauli,,,66,64,62,64,€750K,€0,29,27.36,100001,10,https://sofifa.com/team/110329/fc-st-pauli/
256,FK Austria Wien,,,65,64,63,57,€3.5M,€0,25,27.27,100001,10,https://sofifa.com/team/256/fk-austria-wien/
1795,Watford,,,65,58,61,59,€7M,€0,30,25.00,100001,10,https://sofifa.com/team/1795/watford/
271,Aarhus Gymnastikforening,,,65,62,58,60,€500K,€0,27,25.45,100001,10,https://sofifa.com/team/271/aarhus-gymnastikforening/
100634,Heracles Almelo,,,65,62,61,62,€1.1M,€0,30,26.09,100001,10,https://sofifa.com/team/100634/heracles-almelo/
100646,Sparta Rotterdam,,,65,65,64,64,€1.5M,€0,25,23.91,100001,10,https://sofifa.com/team/100646/sparta-rotterdam/
111144,Seattle Sounders FC,,,65,65,63,61,€2.1M,€0,26,27.27,100001,10,https://sofifa.com/team/111144/seattle-sounders-fc/
100651,VVV-Venlo,,,65,63,65,64,€875K,€0,21,26.18,100001,10,https://sofifa.com/team/100651/vvv-venlo/
1839,Triestina,,,65,63,61,63,€2M,€0,27,27.73,100001,10,https://sofifa.com/team/1839/triestina/
111666,Indios de Ciudad Juárez,,,65,64,62,58,€1M,€0,28,27.45,100001,10,https://sofifa.com/team/111666/indios-de-ciudad-juarez/
112954,Vicenza,,,65,62,60,61,€1.5M,€0,30,27.82,100001,10,https://sofifa.com/team/112954/vicenza/
62,En Avant Guingamp,,,65,62,63,60,€500K,€0,25,26.27,100001,10,https://sofifa.com/team/62/en-avant-guingamp/
319,IFK Göteborg,,,65,64,63,63,€1M,€0,23,24.73,100001,10,https://sofifa.com/team/319/ifk-goteborg/
320,Malmö FF,,,65,63,64,60,€2.5M,€0,25,24.09,100001,10,https://sofifa.com/team/320/malmo-ff/
1871,Legia Warszawa,,,65,63,64,63,€2M,€0,23,26.91,100001,10,https://sofifa.com/team/1871/legia-warszawa/
83,Motherwell FC,,,65,62,61,61,€2.5M,€0,27,23.36,100001,10,https://sofifa.com/team/83/motherwell-fc/
1902,Roda JC Kerkrade,,,65,63,63,65,€2M,€0,26,25.82,100001,10,https://sofifa.com/team/1902/roda-jc-kerkrade/
1907,Willem II,,,65,63,63,63,€2M,€0,26,25.82,100001,10,https://sofifa.com/team/1907/willem-ii/
111491,Grosseto,,,65,61,61,57,€1.5M,€0,27,25.64,100001,10,https://sofifa.com/team/111491/grosseto/
900,BSC Young Boys,,,65,66,59,61,€4.5M,€0,23,24.18,100001,10,https://sofifa.com/team/900/bsc-young-boys/
110468,Viktoria Plzeň,,,65,62,61,62,€1M,€0,25,26.55,100001,10,https://sofifa.com/team/110468/viktoria-plzen/
110472,Mladá Boleslav,,,65,63,61,63,€2M,€0,24,27.18,100001,10,https://sofifa.com/team/110472/mlada-boleslav/
650,ADO Den Haag,,,65,61,62,61,€2M,€0,30,25.09,100001,10,https://sofifa.com/team/650/ado-den-haag/
1932,Barnsley,,,65,61,61,60,€2.5M,€0,26,27.27,100001,10,https://sofifa.com/team/1932/barnsley/
920,Vålerenga Fotball,,,65,65,61,58,€2.8M,€0,30,27.00,100001,10,https://sofifa.com/team/920/valerenga-fotball/
101018,Diyarbakirspor,,,65,62,61,60,€800K,€0,29,27.82,100001,10,https://sofifa.com/team/101018/diyarbakirspor/
15005,SV Zulte Waregem,,,65,62,66,62,€1.2M,€0,26,24.82,100001,10,https://sofifa.com/team/15005/sv-zulte-waregem/
165,SpVgg Greuther Fürth,,,65,63,59,65,€1.5M,€0,26,25.55,100001,10,https://sofifa.com/team/165/spvgg-greuther-furth/
681,KVC Westerlo,,,65,64,61,63,€1M,€0,29,25.45,100001,10,https://sofifa.com/team/681/kvc-westerlo/
101035,Manisaspor,,,65,65,63,63,€4.5M,€0,26,25.91,100001,10,https://sofifa.com/team/101035/manisaspor/
432,Helsingborgs IF,,,65,65,63,64,€600K,€0,22,26.18,100001,10,https://sofifa.com/team/432/helsingborgs-if/
691,New England Revolution,,,65,63,63,62,€1.4M,€0,25,26.64,100001,10,https://sofifa.com/team/691/new-england-revolution/
184,Hamilton Academical FC,,,65,60,60,61,€1M,€0,30,25.27,100001,10,https://sofifa.com/team/184/hamilton-academical-fc/
697,LA Galaxy,,,65,64,65,61,€4.2M,€0,26,28.64,100001,10,https://sofifa.com/team/697/la-galaxy/
450,RC Celta,,,65,65,61,63,€4M,€0,28,25.27,100001,10,https://sofifa.com/team/450/rc-celta/
982,FC Seoul,,,65,61,60,62,€5M,€0,29,25.00,100001,10,https://sofifa.com/team/982/fc-seoul/
1750,Cercle Brugge KSV,,,65,63,59,63,€750K,€0,25,27.45,100001,10,https://sofifa.com/team/1750/cercle-brugge-ksv/
111070,Chivas USA,,,65,64,61,63,€1.4M,€0,30,27.45,100001,10,https://sofifa.com/team/111070/chivas-usa/
744,Rio Ave FC,,,65,66,60,62,€380K,€0,28,26.91,100001,10,https://sofifa.com/team/744/rio-ave-fc/
110062,Girona FC,,,65,64,63,61,€800K,€0,29,29.00,100001,10,https://sofifa.com/team/110062/girona-fc/
100852,CD Castellón,,,65,68,65,63,€800K,€0,21,27.36,100001,10,https://sofifa.com/team/100852/cd-castellon/
2041,Fredrikstad FK,,,65,56,61,59,€1.1M,€0,30,26.82,100001,10,https://sofifa.com/team/2041/fredrikstad-fk/
254,SK Rapid,,,65,62,59,58,€3M,€0,27,25.91,100001,10,https://sofifa.com/team/254/sk-rapid/
1792,Norwich City,,,64,60,61,59,€1.4M,€0,30,25.18,100001,10,https://sofifa.com/team/1792/norwich-city/
1800,Coventry City,,,64,65,59,59,€5M,€0,25,24.18,100001,10,https://sofifa.com/team/1800/coventry-city/
111377,Vannes Olympique Club,,,64,63,60,60,€400K,€0,27,26.64,100001,10,https://sofifa.com/team/111377/vannes-olympique-club/
110103,Spartak Nalchik,,,64,58,62,63,€3M,€0,26,24.18,100001,10,https://sofifa.com/team/110103/spartak-nalchik/
111651,Toronto FC,,,64,63,66,61,€2.3M,€0,21,26.73,100001,10,https://sofifa.com/team/111651/toronto-fc/
813,FK Teplice,,,64,57,62,59,€1.5M,€0,26,25.27,100001,10,https://sofifa.com/team/813/fk-teplice/
110902,Villarreal CF B,,,64,68,64,61,€1.2M,€0,21,21.73,100001,10,https://sofifa.com/team/110902/villarreal-cf-b/
1847,Ascoli,,,64,63,54,58,€1.5M,€0,29,26.36,100001,10,https://sofifa.com/team/1847/ascoli/
110912,Calcio Padova,,,64,64,63,61,€2.5M,€0,29,27.18,100001,10,https://sofifa.com/team/110912/calcio-padova/
321,Halmstads BK,,,64,63,64,61,€300K,€0,22,25.91,100001,10,https://sofifa.com/team/321/halmstads-bk/
111433,Mantova,,,64,59,57,60,€3M,€0,27,27.91,100001,10,https://sofifa.com/team/111433/mantova/
110929,Kaizer Chiefs,,,64,62,58,55,€350K,€0,33,24.82,100001,10,https://sofifa.com/team/110929/kaizer-chiefs/
82,Kilmarnock,,,64,61,60,59,€750K,€0,30,28.00,100001,10,https://sofifa.com/team/82/kilmarnock/
110930,Orlando Pirates,,,64,63,58,60,€350K,€0,32,26.64,100001,10,https://sofifa.com/team/110930/orlando-pirates/
89,Charlton Athletic,,,64,63,60,59,€3.5M,€0,25,26.18,100001,10,https://sofifa.com/team/89/charlton-athletic/
873,Lech Poznań,,,64,62,61,63,€2.2M,€0,27,25.27,100001,10,https://sofifa.com/team/873/lech-poznan/
1905,RKC Waalwijk,,,64,61,59,63,€550K,€0,29,24.82,100001,10,https://sofifa.com/team/1905/rkc-waalwijk/
110464,Baník Ostrava,,,64,56,61,57,€1.3M,€0,30,27.27,100001,10,https://sofifa.com/team/110464/banik-ostrava/
110724,KV Mechelen,,,64,65,61,60,€1M,€0,28,25.64,100001,10,https://sofifa.com/team/110724/kv-mechelen/
1929,Plymouth Argyle,,,64,62,62,61,€3M,€0,30,27.09,100001,10,https://sofifa.com/team/1929/plymouth-argyle/
142,Doncaster Rovers,,,64,60,63,58,€3M,€0,29,28.18,100001,10,https://sofifa.com/team/142/doncaster-rovers/
1949,Scunthorpe United,,,64,59,59,60,€2.5M,€0,30,25.09,100001,10,https://sofifa.com/team/1949/scunthorpe-united/
1439,Kalmar FF,,,64,62,59,61,€600K,€0,29,27.27,100001,10,https://sofifa.com/team/1439/kalmar-ff/
1445,Esbjerg fB,,,64,58,61,59,€500K,€0,27,25.27,100001,10,https://sofifa.com/team/1445/esbjerg-fb/
688,DC United,,,64,64,63,61,€1.8M,€0,27,28.45,100001,10,https://sofifa.com/team/688/dc-united/
1456,Odds Ballklubb,,,64,57,63,57,€350K,€0,23,29.00,100001,10,https://sofifa.com/team/1456/odds-ballklubb/
1968,Cádiz CF,,,64,63,60,62,€900K,€0,30,26.18,100001,10,https://sofifa.com/team/1968/cadiz-cf/
1457,Denizlispor,,,64,64,62,62,€1M,€0,27,27.00,100001,10,https://sofifa.com/team/1457/denizlispor/
694,Colorado Rapids,,,64,62,62,60,€1.5M,€0,26,27.09,100001,10,https://sofifa.com/team/694/colorado-rapids/
110526,TuS Koblenz,,,64,60,59,61,€750K,€0,30,27.36,100001,10,https://sofifa.com/team/110526/tus-koblenz/
1744,Modena,,,64,64,60,60,€2M,€0,25,25.64,100001,10,https://sofifa.com/team/1744/modena/
212,La Berrichonne de Châteauroux,,,64,55,61,61,€650K,€0,26,23.64,100001,10,https://sofifa.com/team/212/la-berrichonne-de-chateauroux/
981,Seongnam FC,,,64,67,61,60,€4.7M,€0,23,26.18,100001,10,https://sofifa.com/team/981/seongnam-fc/
110569,Dijon FCO,,,64,62,59,60,€500K,€0,28,27.55,100001,10,https://sofifa.com/team/110569/dijon-fco/
100081,KV Kortrijk,,,64,63,65,61,€150K,€0,22,25.45,100001,10,https://sofifa.com/team/100081/kv-kortrijk/
1524,IK Start,,,64,66,62,59,€650K,€0,23,26.27,100001,10,https://sofifa.com/team/1524/ik-start/
1786,Randers FC,,,64,64,62,59,€500K,€0,23,27.73,100001,10,https://sofifa.com/team/1786/randers-fc/
110596,FSV Frankfurt,,,63,61,59,60,€750K,€0,26,27.55,100001,10,https://sofifa.com/team/110596/fsv-frankfurt/
1798,Milton Keynes Dons,,,63,61,59,60,€800K,€0,29,26.36,100001,10,https://sofifa.com/team/1798/milton-keynes-dons/
111657,Frosinone,,,63,62,60,59,€1.5M,€0,28,27.09,100001,10,https://sofifa.com/team/111657/frosinone/
1834,Rot Weiss Ahlen,,,63,64,58,60,€750K,€0,27,27.64,100001,10,https://sofifa.com/team/1834/rot-weiss-ahlen/
100143,Slovan Liberec,,,63,66,59,58,€1.8M,€0,26,25.73,100001,10,https://sofifa.com/team/100143/slovan-liberec/
111928,San Jose Earthquakes,,,63,62,64,59,€800K,€0,22,28.36,100001,10,https://sofifa.com/team/111928/san-jose-earthquakes/
322,Grasshopper Club Zürich,,,63,59,54,60,€3M,€0,28,25.18,100001,10,https://sofifa.com/team/322/grasshopper-club-zurich/
110915,Cesena FC,,,63,62,59,59,€2M,€0,30,27.09,100001,10,https://sofifa.com/team/110915/cesena-fc/
1867,Córdoba CF,,,63,61,62,61,€700K,€0,30,27.00,100001,10,https://sofifa.com/team/1867/cordoba-cf/
79,Falkirk,,,63,56,58,63,€750K,€0,27,22.64,100001,10,https://sofifa.com/team/79/falkirk/
897,FC Luzern,,,63,59,60,58,€1.8M,€0,27,26.36,100001,10,https://sofifa.com/team/897/fc-luzern/
110467,FC Zbrojovka Brno,,,63,60,59,58,€1M,€0,30,26.18,100001,10,https://sofifa.com/team/110467/fc-zbrojovka-brno/
1926,Blackpool FC,,,63,58,61,61,€3M,€0,25,26.64,100001,10,https://sofifa.com/team/1926/blackpool-fc/
1939,Huddersfield Town,,,63,62,61,58,€1.8M,€0,27,22.82,100001,10,https://sofifa.com/team/1939/huddersfield-town/
670,Royal Charleroi Sporting Club,,,63,61,61,60,€1.5M,€0,24,24.73,100001,10,https://sofifa.com/team/670/royal-charleroi-sporting-club/
672,Excelsior Mouscron,,,63,59,58,61,€1.5M,€0,29,24.45,100001,10,https://sofifa.com/team/672/excelsior-mouscron/
695,FC Dallas,,,63,63,62,60,€1.4M,€0,24,27.36,100001,10,https://sofifa.com/team/695/fc-dallas/
1474,Pohang Steelers,,,63,62,59,59,€2M,€0,30,28.00,100001,10,https://sofifa.com/team/1474/pohang-steelers/
708,Hammarby Fotboll,,,63,60,62,61,€650K,€0,28,25.36,100001,10,https://sofifa.com/team/708/hammarby-fotboll/
100804,St Johnstone FC,,,63,64,62,62,€500K,€0,24,27.91,100001,10,https://sofifa.com/team/100804/st-johnstone-fc/
1477,Jeonbuk Hyundai Motors,,,63,64,59,58,€1.8M,€0,27,26.64,100001,10,https://sofifa.com/team/1477/jeonbuk-hyundai-motors/
100805,St. Mirren,,,63,63,62,63,€1M,€0,22,27.18,100001,10,https://sofifa.com/team/100805/st-mirren/
710,Djurgårdens IF,,,63,64,60,62,€1.2M,€0,23,26.55,100001,10,https://sofifa.com/team/710/djurgardens-if/
1746,Empoli,,,63,65,63,59,€1.5M,€0,20,25.45,100001,10,https://sofifa.com/team/1746/empoli/
111065,Real Salt Lake,,,63,63,62,62,€1.5M,€0,24,27.45,100001,10,https://sofifa.com/team/111065/real-salt-lake/
112107,Gallipoli,,,63,63,63,58,€1M,€0,25,25.27,100001,10,https://sofifa.com/team/112107/gallipoli/
100851,FC Cartagena,,,63,61,62,63,€800K,€0,26,28.27,100001,10,https://sofifa.com/team/100851/fc-cartagena/
110839,SD Huesca,,,63,60,63,62,€800K,€0,24,29.00,100001,10,https://sofifa.com/team/110839/sd-huesca/
1530,Angers SCO,,,63,62,60,61,€500K,€0,26,26.82,100001,10,https://sofifa.com/team/1530/angers-sco/
1788,FC Nordsjælland,,,63,62,54,57,€400K,€0,29,25.36,100001,10,https://sofifa.com/team/1788/fc-nordsjaelland/
2044,UC AlbinoLeffe,,,63,60,55,57,€1M,€0,30,26.91,100001,10,https://sofifa.com/team/2044/uc-albinoleffe/
1808,Brighton & Hove Albion,,,62,63,57,59,€1M,€0,29,24.91,100001,10,https://sofifa.com/team/1808/brighton-hove-albion/
17,Southampton,,,62,58,58,60,€3.5M,€0,30,26.55,100001,10,https://sofifa.com/team/17/southampton/
100882,Real Unión Club,,,62,62,60,60,€600K,€0,25,29.45,100001,10,https://sofifa.com/team/100882/real-union-club/
546,KSV Roeselare,,,62,58,58,58,€1M,€0,28,25.91,100001,10,https://sofifa.com/team/546/ksv-roeselare/
1828,Rot-Weiß Oberhausen,,,62,64,61,59,€750K,€0,25,26.18,100001,10,https://sofifa.com/team/1828/rot-weiss-oberhausen/
299,Lillestrøm SK,,,62,59,59,58,€1.3M,€0,28,26.55,100001,10,https://sofifa.com/team/299/lillestrom-sk/
110636,Fortuna Düsseldorf,,,62,59,60,60,€2.5M,€0,26,26.36,100001,10,https://sofifa.com/team/110636/fortuna-dusseldorf/
100142,FK Jablonec,,,62,57,59,60,€900K,€0,26,26.91,100001,10,https://sofifa.com/team/100142/fk-jablonec/
1840,Ancona,,,62,62,61,58,€1M,€0,27,26.00,100001,10,https://sofifa.com/team/1840/ancona/
100149,1.FC Slovácko,,,62,60,62,61,€500K,€0,21,28.09,100001,10,https://sofifa.com/team/100149/1fc-slovacko/
97,Millwall FC,,,62,59,61,58,€900K,€0,28,26.73,100001,10,https://sofifa.com/team/97/millwall-fc/
614,AC Ajaccio,,,62,64,59,59,€500K,€0,24,24.18,100001,10,https://sofifa.com/team/614/ac-ajaccio/
111985,Bohemians Praha,,,62,59,59,59,€500K,€0,30,29.55,100001,10,https://sofifa.com/team/111985/bohemians-praha/
378,Stade Brestois 29,,,62,61,61,59,€500K,€0,27,28.18,100001,10,https://sofifa.com/team/378/stade-brestois-29/
110471,SK Dynamo České Budějovice,,,62,57,61,61,€750K,€0,25,28.09,100001,10,https://sofifa.com/team/110471/sk-dynamo-ceske-budejovice/
1934,Swindon Town,,,62,61,58,56,€750K,€0,26,25.18,100001,10,https://sofifa.com/team/1934/swindon-town/
1935,Colchester United,,,62,59,60,62,€1M,€0,28,26.00,100001,10,https://sofifa.com/team/1935/colchester-united/
918,FK Bodø/Glimt,,,62,56,61,60,€600K,€0,22,26.55,100001,10,https://sofifa.com/team/918/fk-bodoglimt/
110744,GKS Bełchatów,,,62,60,57,61,€3.2M,€0,28,25.82,100001,10,https://sofifa.com/team/110744/gks-belchatow/
110747,Cracovia,,,62,58,59,59,€900K,€0,30,26.91,100001,10,https://sofifa.com/team/110747/cracovia/
680,Sint-Truidense VV,,,62,62,61,59,€1.2M,€0,22,26.00,100001,10,https://sofifa.com/team/680/sint-truidense-vv/
110765,Incheon United FC,,,62,59,61,58,€1.5M,€0,27,27.36,100001,10,https://sofifa.com/team/110765/incheon-united-fc/
111277,Gefle IF,,,62,63,60,61,€300K,€0,21,28.00,100001,10,https://sofifa.com/team/111277/gefle-if/
689,New York Red Bulls,,,62,66,60,59,€1.4M,€0,24,28.27,100001,10,https://sofifa.com/team/689/new-york-red-bulls/
110770,FC Sion,,,62,58,57,62,€3M,€0,25,28.18,100001,10,https://sofifa.com/team/110770/fc-sion/
696,Sporting Kansas City,,,62,64,61,60,€800K,€0,26,28.91,100001,10,https://sofifa.com/team/696/sporting-kansas-city/
705,Örebro SK,,,62,59,61,59,€450K,€0,29,28.18,100001,10,https://sofifa.com/team/705/orebro-sk/
1473,Ulsan HD FC,,,62,56,61,56,€2.2M,€0,29,26.36,100001,10,https://sofifa.com/team/1473/ulsan-hd-fc/
111812,Bohemians 1905,,,62,60,60,59,€500K,€0,25,28.18,100001,10,https://sofifa.com/team/111812/bohemians-1905/
1480,Carlisle United,,,62,58,57,62,€700K,€0,26,26.64,100001,10,https://sofifa.com/team/1480/carlisle-united/
1755,Aalesunds FK,,,62,59,58,57,€1M,€0,27,24.82,100001,10,https://sofifa.com/team/1755/aalesunds-fk/
1803,Walsall,,,61,60,50,56,€800K,€0,25,26.82,100001,10,https://sofifa.com/team/1803/walsall/
270,Silkeborg IF,,,61,60,56,54,€150K,€0,27,27.45,100001,10,https://sofifa.com/team/270/silkeborg-if/
1815,Clermont Foot 63,,,61,59,61,59,€500K,€0,22,24.91,100001,10,https://sofifa.com/team/1815/clermont-foot-63/
111397,Melbourne Victory,,,61,61,60,59,€1.1M,€0,21,27.82,100001,10,https://sofifa.com/team/111397/melbourne-victory/
330,Sigma Olomouc,,,61,57,60,55,€1M,€0,25,27.64,100001,10,https://sofifa.com/team/330/sigma-olomouc/
111705,IF Brommapojkarna,,,61,59,58,59,€300K,€0,25,25.18,100001,10,https://sofifa.com/team/111705/if-brommapojkarna/
613,CS Sedan Ardennes,,,61,59,58,59,€2.5M,€0,27,22.91,100001,10,https://sofifa.com/team/613/cs-sedan-ardennes/
874,Ruch Chorzów,,,61,57,59,60,€810K,€0,26,27.73,100001,10,https://sofifa.com/team/874/ruch-chorzow/
111989,AC Arlésien,,,61,60,58,55,€450K,€0,29,24.91,100001,10,https://sofifa.com/team/111989/ac-arlesien/
1920,Oldham Athletic,,,61,59,58,59,€750K,€0,26,25.91,100001,10,https://sofifa.com/team/1920/oldham-athletic/
110734,Crotone,,,61,58,57,58,€1M,€0,30,26.82,100001,10,https://sofifa.com/team/110734/crotone/
1938,Peterborough United,,,61,59,58,53,€2.5M,€0,28,24.18,100001,10,https://sofifa.com/team/1938/peterborough-united/
1954,Southend United,,,61,58,59,60,€800K,€0,22,23.64,100001,10,https://sofifa.com/team/1954/southend-united/
706,Örgryte IS,,,61,60,53,56,€500K,€0,27,29.91,100001,10,https://sofifa.com/team/706/orgryte-is/
1476,Busan IPark,,,61,59,57,60,€900K,€0,30,25.27,100001,10,https://sofifa.com/team/1476/busan-ipark/
711,BK Häcken,,,61,60,60,58,€500K,€0,25,27.55,100001,10,https://sofifa.com/team/711/bk-hacken/
15048,Tranmere Rovers,,,61,59,57,61,€600K,€0,22,27.73,100001,10,https://sofifa.com/team/15048/tranmere-rovers/
112078,Gold Coast United,,,61,61,59,59,€1.1M,€0,21,26.09,100001,10,https://sofifa.com/team/112078/gold-coast-united/
111588,Gyeongnam FC,,,61,58,58,58,€800K,€0,30,26.36,100001,10,https://sofifa.com/team/111588/gyeongnam-fc/
111594,GAIS,,,61,58,59,59,€350K,€0,27,25.45,100001,10,https://sofifa.com/team/111594/gais/
111083,Korona Kielce,,,61,58,58,59,€1.4M,€0,27,28.82,100001,10,https://sofifa.com/team/111083/korona-kielce/
110326,Tours FC,,,61,61,55,57,€450K,€0,24,26.00,100001,10,https://sofifa.com/team/110326/tours-fc/
1814,Stade Lavallois Mayenne FC,,,60,58,57,56,€500K,€0,26,28.18,100001,10,https://sofifa.com/team/1814/stade-lavallois-mayenne-fc/
1570,Polonia Warszawa,,,60,56,51,58,€2.1M,€0,30,29.00,100001,10,https://sofifa.com/team/1570/polonia-warszawa/
111395,Brisbane Roar,,,60,59,58,59,€1.1M,€0,23,28.64,100001,10,https://sofifa.com/team/111395/brisbane-roar/
1831,1. FC Union Berlin,,,60,58,56,59,€1M,€0,24,28.36,100001,10,https://sofifa.com/team/1831/1-fc-union-berlin/
111399,Perth Glory,,,60,59,59,58,€1.1M,€0,23,28.82,100001,10,https://sofifa.com/team/111399/perth-glory/
111400,Sydney FC,,,60,60,59,59,€1.1M,€0,21,28.82,100001,10,https://sofifa.com/team/111400/sydney-fc/
10030,SC Paderborn 07,,,60,62,60,57,€750K,€0,29,26.18,100001,10,https://sofifa.com/team/10030/sc-paderborn-07/
305,Bohemian FC,,,60,63,57,59,€250K,€0,18,26.82,100001,10,https://sofifa.com/team/305/bohemian-fc/
51,Piacenza,,,60,59,52,57,€1.5M,€0,30,24.18,100001,10,https://sofifa.com/team/51/piacenza/
58,Sporting Club Bastia,,,60,58,55,61,€500K,€0,26,26.82,100001,10,https://sofifa.com/team/58/sporting-club-bastia/
111720,SK Kladno,,,60,59,56,59,€500K,€0,27,26.36,100001,10,https://sofifa.com/team/111720/sk-kladno/
111993,Cittadella,,,60,63,50,54,€1M,€0,28,23.73,100001,10,https://sofifa.com/team/111993/cittadella/
898,FC St. Gallen 1879,,,60,61,55,58,€1.8M,€0,25,27.18,100001,10,https://sofifa.com/team/898/fc-st-gallen-1879/
1925,Brentford,,,60,62,57,53,€500K,€0,24,24.91,100001,10,https://sofifa.com/team/1925/brentford/
1933,Wycombe Wanderers,,,60,53,57,58,€500K,€0,26,25.55,100001,10,https://sofifa.com/team/1933/wycombe-wanderers/
1937,Notts County,,,60,56,58,59,€1.1M,€0,23,28.55,100001,10,https://sofifa.com/team/1937/notts-county/
1941,Hartlepool United,,,60,56,59,59,€700K,€0,26,25.36,100001,10,https://sofifa.com/team/1941/hartlepool-united/
110745,Jagiellonia Białystok,,,60,57,58,59,€730K,€0,26,27.00,100001,10,https://sofifa.com/team/110745/jagiellonia-bialystok/
922,Strømsgodset IF,,,60,64,56,58,€1.2M,€0,24,27.45,100001,10,https://sofifa.com/team/922/stromsgodset-if/
110749,Zagłębie Lubin,,,60,58,58,57,€1M,€0,27,25.64,100001,10,https://sofifa.com/team/110749/zaglebie-lubin/
1958,Leyton Orient,,,60,58,55,55,€500K,€0,23,24.36,100001,10,https://sofifa.com/team/1958/leyton-orient/
1714,AC Bellinzona,,,60,59,59,57,€1M,€0,26,28.64,100001,10,https://sofifa.com/team/1714/ac-bellinzona/
1464,Lyn 1896 FK,,,60,57,60,57,€1M,€0,25,23.45,100001,10,https://sofifa.com/team/1464/lyn-1896-fk/
703,Trelleborgs FF,,,60,57,54,57,€300K,€0,30,25.36,100001,10,https://sofifa.com/team/703/trelleborgs-ff/
1757,Sandefjord Fotball,,,60,61,55,57,€300K,€0,23,25.91,100001,10,https://sofifa.com/team/1757/sandefjord-fotball/
252,LASK Linz,,,60,56,55,53,€1.5M,€0,27,27.09,100001,10,https://sofifa.com/team/252/lask-linz/
2055,Gimcheon Sangmu FC,,,59,56,54,55,€400K,€0,30,25.91,100001,10,https://sofifa.com/team/2055/gimcheon-sangmu-fc/
2056,Daegu FC,,,59,59,54,57,€450K,€0,30,25.55,100001,10,https://sofifa.com/team/2056/daegu-fc/
111373,1. Wiener Neustädter SC,,,59,60,53,56,€1.5M,€0,27,27.36,100001,10,https://sofifa.com/team/111373/1-wiener-neustadter-sc/
1564,Odra Wodzisław,,,59,54,56,54,€660K,€0,30,28.55,100001,10,https://sofifa.com/team/1564/odra-wodzislaw/
1820,Istres FC,,,59,57,51,57,€500K,€0,30,27.64,100001,10,https://sofifa.com/team/1820/istres-fc/
111393,Adelaide United,,,59,58,58,58,€1.1M,€0,21,27.64,100001,10,https://sofifa.com/team/111393/adelaide-united/
111398,Newcastle Jets,,,59,56,60,60,€1.1M,€0,21,26.09,100001,10,https://sofifa.com/team/111398/newcastle-jets/
346,Yeovil Town,,,59,59,58,56,€700K,€0,25,24.00,100001,10,https://sofifa.com/team/346/yeovil-town/
121,Crewe Alexandra,,,59,57,53,56,€400K,€0,27,23.91,100001,10,https://sofifa.com/team/121/crewe-alexandra/
1931,Stockport County,,,59,54,56,57,€500K,€0,24,22.18,100001,10,https://sofifa.com/team/1931/stockport-county/
111766,Wellington Phoenix,,,59,57,58,59,€1.1M,€0,21,27.91,100001,10,https://sofifa.com/team/111766/wellington-phoenix/
1447,Sønderjyske Fodbold,,,59,57,56,56,€250K,€0,24,25.64,100001,10,https://sofifa.com/team/1447/sonderjyske-fodbold/
1962,Bristol Rovers,,,59,49,51,51,€900K,€0,30,27.00,100001,10,https://sofifa.com/team/1962/bristol-rovers/
434,FC Aarau,,,59,60,54,52,€750K,€0,25,25.36,100001,10,https://sofifa.com/team/434/fc-aarau/
435,Neuchâtel Xamax,,,59,54,57,55,€2.5M,€0,26,24.00,100001,10,https://sofifa.com/team/435/neuchatel-xamax/
1475,Jeonnam Dragons,,,59,58,54,56,€560K,€0,27,26.73,100001,10,https://sofifa.com/team/1475/jeonnam-dragons/
1478,Jeju United FC,,,59,57,57,57,€1.1M,€0,30,26.00,100001,10,https://sofifa.com/team/1478/jeju-united-fc/
111091,Lechia Gdańsk,,,59,58,57,57,€1M,€0,26,27.18,100001,10,https://sofifa.com/team/111091/lechia-gdansk/
111092,Śląsk Wrocław,,,59,62,54,54,€450K,€0,26,26.00,100001,10,https://sofifa.com/team/111092/slask-wroclaw/
780,SV Ried,,,58,59,58,49,€1M,€0,22,28.45,100001,10,https://sofifa.com/team/780/sv-ried/
111396,Central Coast Mariners,,,58,59,57,58,€1.1M,€0,20,24.91,100001,10,https://sofifa.com/team/111396/central-coast-mariners/
100145,FK Příbram,,,58,54,55,56,€500K,€0,30,25.91,100001,10,https://sofifa.com/team/100145/fk-pribram/
127,Shrewsbury Town,,,58,55,56,57,€650K,€0,24,27.73,100001,10,https://sofifa.com/team/127/shrewsbury-town/
1924,Chesterfield,,,58,53,57,55,€600K,€0,25,28.91,100001,10,https://sofifa.com/team/1924/chesterfield/
135,Barnet,,,58,53,54,56,€350K,€0,24,26.64,100001,10,https://sofifa.com/team/135/barnet/
1945,Bury,,,58,57,53,56,€450K,€0,23,25.27,100001,10,https://sofifa.com/team/1945/bury/
1955,Rochdale,,,58,56,51,54,€600K,€0,28,24.27,100001,10,https://sofifa.com/team/1955/rochdale/
423,St Patrick's Athletic FC,,,58,56,54,54,€300K,€0,28,25.73,100001,10,https://sofifa.com/team/423/st-patricks-athletic-fc/
15015,Burton Albion,,,58,55,57,57,€500K,€0,22,27.09,100001,10,https://sofifa.com/team/15015/burton-albion/
112079,Northern Fury FC,,,58,59,56,57,€1.1M,€0,23,28.64,100001,10,https://sofifa.com/team/112079/northern-fury-fc/
980,Daejeon Citizen,,,58,57,56,54,€578K,€0,30,25.82,100001,10,https://sofifa.com/team/980/daejeon-citizen/
224,Nîmes Olympique,,,58,58,55,57,€500K,€0,26,26.73,100001,10,https://sofifa.com/team/224/nimes-olympique/
111082,Arka Gdynia,,,58,56,57,57,€660K,€0,24,27.27,100001,10,https://sofifa.com/team/111082/arka-gdynia/
1785,SV Mattersburg,,,58,57,52,54,€1.8M,€0,25,26.82,100001,10,https://sofifa.com/team/1785/sv-mattersburg/
1787,SK Austria Klagenfurt,,,58,53,54,53,€1.5M,€0,27,26.18,100001,10,https://sofifa.com/team/1787/sk-austria-klagenfurt/
1802,Gillingham,,,57,51,52,56,€900K,€0,28,26.82,100001,10,https://sofifa.com/team/1802/gillingham/
1804,Bradford City,,,57,54,53,56,€700K,€0,27,25.00,100001,10,https://sofifa.com/team/1804/bradford-city/
306,Shamrock Rovers,,,57,55,57,52,€150K,€0,21,24.36,100001,10,https://sofifa.com/team/306/shamrock-rovers/
826,HB Køge,,,57,58,53,55,€100K,€0,25,25.73,100001,10,https://sofifa.com/team/826/hb-koge/
111429,Polonia Bytom,,,57,55,54,54,€450K,€0,29,28.27,100001,10,https://sofifa.com/team/111429/polonia-bytom/
1928,Port Vale,,,57,53,53,54,€700K,€0,27,24.91,100001,10,https://sofifa.com/team/1928/port-vale/
1957,Darlington,,,57,56,53,56,€450K,€0,22,26.73,100001,10,https://sofifa.com/team/1957/darlington/
111086,Piast Gliwice,,,57,51,52,54,€450K,€0,27,27.55,100001,10,https://sofifa.com/team/111086/piast-gliwice/
1797,Rotherham United,,,56,56,57,54,€850K,€0,23,25.45,100001,10,https://sofifa.com/team/1797/rotherham-united/
324,Servette FC,,,56,60,53,54,€700K,€0,21,24.09,100001,10,https://sofifa.com/team/324/servette-fc/
382,Aldershot Town,,,56,54,55,55,€350K,€0,23,24.55,100001,10,https://sofifa.com/team/382/aldershot-town/
1930,Northampton Town,,,56,53,54,57,€400K,€0,21,26.09,100001,10,https://sofifa.com/team/1930/northampton-town/
143,Exeter City,,,56,52,51,51,€500K,€0,30,29.45,100001,10,https://sofifa.com/team/143/exeter-city/
1936,Cheltenham Town,,,56,51,48,53,€350K,€0,29,25.45,100001,10,https://sofifa.com/team/1936/cheltenham-town/
149,Lincoln City,,,56,52,52,52,€550K,€0,24,23.09,100001,10,https://sofifa.com/team/149/lincoln-city/
1943,AFC Bournemouth,,,56,55,53,55,€550K,€0,22,27.09,100001,10,https://sofifa.com/team/1943/afc-bournemouth/
1946,Torquay United,,,56,53,55,56,€500K,€0,23,25.82,100001,10,https://sofifa.com/team/1946/torquay-united/
15011,Kapfenberger SV,,,56,51,52,54,€750K,€0,30,26.36,100001,10,https://sofifa.com/team/15011/kapfenberger-sv/
422,Cork City,,,56,54,53,56,€200K,€0,19,26.00,100001,10,https://sofifa.com/team/422/cork-city/
445,Derry City,,,56,55,56,56,€220K,€0,18,27.64,100001,10,https://sofifa.com/team/445/derry-city/
92,Grimsby Town,,,55,55,52,52,€500K,€0,25,24.55,100001,10,https://sofifa.com/team/92/grimsby-town/
357,Morecambe,,,55,55,54,53,€300K,€0,23,29.82,100001,10,https://sofifa.com/team/357/morecambe/
1959,Macclesfield Town,,,55,52,54,51,€350K,€0,25,24.09,100001,10,https://sofifa.com/team/1959/macclesfield-town/
112115,Gangwon FC,,,55,53,52,52,€350K,€0,30,25.64,100001,10,https://sofifa.com/team/112115/gangwon-fc/
563,Sligo Rovers,,,54,52,52,52,€150K,€0,29,25.27,100001,10,https://sofifa.com/team/563/sligo-rovers/
837,Dundalk,,,54,52,54,53,€100K,€0,21,25.27,100001,10,https://sofifa.com/team/837/dundalk/
147,Hereford United,,,54,54,50,52,€450K,€0,22,25.64,100001,10,https://sofifa.com/team/147/hereford-united/
110313,Accrington Stanley,,,54,54,52,51,€300K,€0,22,23.73,100001,10,https://sofifa.com/team/110313/accrington-stanley/
1572,Drogheda United,,,53,52,52,51,€230K,€0,26,25.73,100001,10,https://sofifa.com/team/1572/drogheda-united/
1862,FC Lausanne-Sport,,,53,53,48,48,€500K,€0,25,24.36,100001,10,https://sofifa.com/team/1862/fc-lausanne-sport/
373,Dagenham & Redbridge,,,52,50,46,56,€350K,€0,20,26.36,100001,10,https://sofifa.com/team/373/dagenham-redbridge/
